parts,x_coords,y_coords,z_coords,labels
LEFT_SHOULDER,0.6485929489135742,0.7432759404182434,-0.08895785361528397,ARMS RAISE
RIGHT_SHOULDER,0.3422930836677551,0.7538687586784363,-0.1903424710035324,ARMS RAISE
LEFT_ELBOW,0.755680501461029,0.9971240758895874,-0.1218564361333847,ARMS RAISE
RIGHT_ELBOW,0.2454310655593872,1.1087018251419067,-0.4165881276130676,ARMS RAISE
LEFT_HIP,0.5910152792930603,1.5045108795166016,-0.007862572558224201,ARMS RAISE
RIGHT_HIP,0.3752954602241516,1.5074604749679565,0.012155643664300442,ARMS RAISE
LEFT_SHOULDER,0.6475298404693604,0.7427058815956116,-0.09366647899150848,ARMS RAISE
RIGHT_SHOULDER,0.3444596230983734,0.754971981048584,-0.17006075382232666,ARMS RAISE
LEFT_ELBOW,0.7461206912994385,0.9890197515487671,-0.1662101447582245,ARMS RAISE
RIGHT_ELBOW,0.24733729660511017,1.042370319366455,-0.38983970880508423,ARMS RAISE
LEFT_HIP,0.5913993120193481,1.4904295206069946,-0.014004519209265709,ARMS RAISE
RIGHT_HIP,0.38439804315567017,1.4916539192199707,0.01771441474556923,ARMS RAISE
LEFT_SHOULDER,0.6470977067947388,0.7408047318458557,-0.12706264853477478,ARMS RAISE
RIGHT_SHOULDER,0.34557193517684937,0.7571027874946594,-0.18489161133766174,ARMS RAISE
LEFT_ELBOW,0.744064450263977,0.9890879392623901,-0.1916433870792389,ARMS RAISE
RIGHT_ELBOW,0.2541934549808502,1.035525918006897,-0.4173256456851959,ARMS RAISE
LEFT_HIP,0.5920385122299194,1.489493489265442,-0.013834891840815544,ARMS RAISE
RIGHT_HIP,0.3890056610107422,1.4917775392532349,0.017560509964823723,ARMS RAISE
LEFT_SHOULDER,0.6449461579322815,0.740136981010437,-0.1373075544834137,ARMS RAISE
RIGHT_SHOULDER,0.3455125093460083,0.7564809322357178,-0.20761153101921082,ARMS RAISE
LEFT_ELBOW,0.7417064309120178,0.9861685633659363,-0.17795327305793762,ARMS RAISE
RIGHT_ELBOW,0.25519877672195435,1.0329079627990723,-0.45130959153175354,ARMS RAISE
LEFT_HIP,0.5896750688552856,1.483590841293335,-0.013852054253220558,ARMS RAISE
RIGHT_HIP,0.38828137516975403,1.483158826828003,0.01753581501543522,ARMS RAISE
LEFT_SHOULDER,0.6439398527145386,0.7396358847618103,-0.1367611140012741,ARMS RAISE
RIGHT_SHOULDER,0.3461190462112427,0.7559619545936584,-0.20545771718025208,ARMS RAISE
LEFT_ELBOW,0.7411660552024841,0.9862375855445862,-0.17064130306243896,ARMS RAISE
RIGHT_ELBOW,0.260123074054718,1.0281444787979126,-0.45273080468177795,ARMS RAISE
LEFT_HIP,0.5891762375831604,1.4750354290008545,-0.013782727532088757,ARMS RAISE
RIGHT_HIP,0.3882659077644348,1.4692598581314087,0.01745583303272724,ARMS RAISE
LEFT_SHOULDER,0.6411988139152527,0.739631712436676,-0.07466670870780945,ARMS RAISE
RIGHT_SHOULDER,0.34671100974082947,0.7501696944236755,-0.20428471267223358,ARMS RAISE
LEFT_ELBOW,0.7408310174942017,0.9850921034812927,-0.16888079047203064,ARMS RAISE
RIGHT_ELBOW,0.26707160472869873,1.0228259563446045,-0.4814363420009613,ARMS RAISE
LEFT_HIP,0.5860961079597473,1.46660578250885,-0.009445209056138992,ARMS RAISE
RIGHT_HIP,0.38766491413116455,1.4589911699295044,0.01288730651140213,ARMS RAISE
LEFT_SHOULDER,0.6400188207626343,0.7388337850570679,-0.07925190031528473,ARMS RAISE
RIGHT_SHOULDER,0.3463860750198364,0.7501981258392334,-0.22219829261302948,ARMS RAISE
LEFT_ELBOW,0.7411447763442993,0.9851865768432617,-0.08415968716144562,ARMS RAISE
RIGHT_ELBOW,0.2653793692588806,1.0136430263519287,-0.5061613321304321,ARMS RAISE
LEFT_HIP,0.5859301686286926,1.4648839235305786,-0.0017917765071615577,ARMS RAISE
RIGHT_HIP,0.38750237226486206,1.4592132568359375,0.005038897506892681,ARMS RAISE
LEFT_SHOULDER,0.6401017904281616,0.7396467328071594,-0.10236583650112152,ARMS RAISE
RIGHT_SHOULDER,0.34588131308555603,0.7502138614654541,-0.22574016451835632,ARMS RAISE
LEFT_ELBOW,0.7413113713264465,0.9859488606452942,-0.10660271346569061,ARMS RAISE
RIGHT_ELBOW,0.27039438486099243,1.0553535223007202,-0.5055537819862366,ARMS RAISE
LEFT_HIP,0.5860501527786255,1.465922236442566,-0.007658659014850855,ARMS RAISE
RIGHT_HIP,0.38722938299179077,1.4605861902236938,0.010976913385093212,ARMS RAISE
LEFT_SHOULDER,0.6404030919075012,0.7386906147003174,-0.0985008254647255,ARMS RAISE
RIGHT_SHOULDER,0.3463827967643738,0.746863067150116,-0.2157783955335617,ARMS RAISE
LEFT_ELBOW,0.7417058348655701,0.986153244972229,-0.10080479085445404,ARMS RAISE
RIGHT_ELBOW,0.2766123116016388,1.0673730373382568,-0.4924720823764801,ARMS RAISE
LEFT_HIP,0.5910083651542664,1.4623326063156128,-0.00768949743360281,ARMS RAISE
RIGHT_HIP,0.39163345098495483,1.457157015800476,0.01099953893572092,ARMS RAISE
LEFT_SHOULDER,0.6404767632484436,0.7390228509902954,-0.10123281180858612,ARMS RAISE
RIGHT_SHOULDER,0.3463746905326843,0.7475602030754089,-0.21420922875404358,ARMS RAISE
LEFT_ELBOW,0.7415267825126648,0.9853353500366211,-0.0904863104224205,ARMS RAISE
RIGHT_ELBOW,0.25569987297058105,1.067190170288086,-0.48637017607688904,ARMS RAISE
LEFT_HIP,0.5905157327651978,1.4668667316436768,-0.005411701276898384,ARMS RAISE
RIGHT_HIP,0.38945698738098145,1.4607892036437988,0.008788295090198517,ARMS RAISE
LEFT_SHOULDER,0.6411849856376648,0.7411085367202759,-0.12474347651004791,ARMS RAISE
RIGHT_SHOULDER,0.34577447175979614,0.7476045489311218,-0.21518385410308838,ARMS RAISE
LEFT_ELBOW,0.7425782084465027,0.9872893691062927,-0.16461700201034546,ARMS RAISE
RIGHT_ELBOW,0.24162164330482483,1.0223780870437622,-0.48463836312294006,ARMS RAISE
LEFT_HIP,0.5888429880142212,1.4837673902511597,-0.004921574145555496,ARMS RAISE
RIGHT_HIP,0.3852179944515228,1.4732317924499512,0.008399822749197483,ARMS RAISE
LEFT_SHOULDER,0.6413346529006958,0.7413020730018616,-0.1377759873867035,ARMS RAISE
RIGHT_SHOULDER,0.34527283906936646,0.7473651170730591,-0.21513056755065918,ARMS RAISE
LEFT_ELBOW,0.7431530356407166,0.9873117208480835,-0.18236082792282104,ARMS RAISE
RIGHT_ELBOW,0.2379041463136673,1.0094993114471436,-0.4821813106536865,ARMS RAISE
LEFT_HIP,0.5876238942146301,1.4862313270568848,-0.004927007481455803,ARMS RAISE
RIGHT_HIP,0.38415056467056274,1.475316047668457,0.008420727215707302,ARMS RAISE
LEFT_SHOULDER,0.641424298286438,0.7403199076652527,-0.13847412168979645,ARMS RAISE
RIGHT_SHOULDER,0.34470134973526,0.7478687763214111,-0.2186928540468216,ARMS RAISE
LEFT_ELBOW,0.7432255744934082,0.9873247742652893,-0.1563132405281067,ARMS RAISE
RIGHT_ELBOW,0.2398579865694046,1.0102920532226562,-0.45763224363327026,ARMS RAISE
LEFT_HIP,0.5900827646255493,1.4822865724563599,-0.009098753333091736,ARMS RAISE
RIGHT_HIP,0.38688257336616516,1.4750866889953613,0.012700209394097328,ARMS RAISE
LEFT_SHOULDER,0.6417475342750549,0.7398545145988464,-0.11835020780563354,ARMS RAISE
RIGHT_SHOULDER,0.34492939710617065,0.7479045391082764,-0.21818748116493225,ARMS RAISE
LEFT_ELBOW,0.7432469129562378,0.9879606366157532,-0.1513577401638031,ARMS RAISE
RIGHT_ELBOW,0.2550068199634552,1.012272834777832,-0.5114855766296387,ARMS RAISE
LEFT_HIP,0.5903176069259644,1.4823691844940186,-0.009508783929049969,ARMS RAISE
RIGHT_HIP,0.38795024156570435,1.4752843379974365,0.013053124770522118,ARMS RAISE
LEFT_SHOULDER,0.642957329750061,0.7409274578094482,-0.14270736277103424,ARMS RAISE
RIGHT_SHOULDER,0.34492912888526917,0.7499603033065796,-0.23457852005958557,ARMS RAISE
LEFT_ELBOW,0.743649959564209,0.9881346225738525,-0.1508214920759201,ARMS RAISE
RIGHT_ELBOW,0.25465863943099976,1.0514034032821655,-0.5095685124397278,ARMS RAISE
LEFT_HIP,0.5920383334159851,1.4875015020370483,-0.01010684110224247,ARMS RAISE
RIGHT_HIP,0.38885289430618286,1.4808216094970703,0.013605309650301933,ARMS RAISE
LEFT_SHOULDER,0.6429880857467651,0.7409276962280273,-0.1274237185716629,ARMS RAISE
RIGHT_SHOULDER,0.34494054317474365,0.7510618567466736,-0.2451029270887375,ARMS RAISE
LEFT_ELBOW,0.7435747385025024,0.9878455400466919,-0.08230365812778473,ARMS RAISE
RIGHT_ELBOW,0.27129262685775757,1.0805577039718628,-0.5620293021202087,ARMS RAISE
LEFT_HIP,0.5921872854232788,1.4897440671920776,-0.01056495402008295,ARMS RAISE
RIGHT_HIP,0.38947224617004395,1.4816954135894775,0.014018438756465912,ARMS RAISE
LEFT_SHOULDER,0.6428414583206177,0.740965723991394,-0.12750281393527985,ARMS RAISE
RIGHT_SHOULDER,0.345091313123703,0.7517334818840027,-0.24112896621227264,ARMS RAISE
LEFT_ELBOW,0.7437024116516113,0.9878590106964111,-0.09425149857997894,ARMS RAISE
RIGHT_ELBOW,0.27051636576652527,1.0755423307418823,-0.5399448871612549,ARMS RAISE
LEFT_HIP,0.5923066735267639,1.4896810054779053,-0.010557420551776886,ARMS RAISE
RIGHT_HIP,0.38971105217933655,1.4828377962112427,0.014011109247803688,ARMS RAISE
LEFT_SHOULDER,0.6427552103996277,0.7409981489181519,-0.12782642245292664,ARMS RAISE
RIGHT_SHOULDER,0.3452601134777069,0.7523371577262878,-0.23836012184619904,ARMS RAISE
LEFT_ELBOW,0.743811845779419,0.9878700375556946,-0.10157942771911621,ARMS RAISE
RIGHT_ELBOW,0.2667028605937958,1.0393143892288208,-0.5287482142448425,ARMS RAISE
LEFT_HIP,0.5925038456916809,1.4896059036254883,-0.010631567798554897,ARMS RAISE
RIGHT_HIP,0.3899998664855957,1.4838484525680542,0.014060321263968945,ARMS RAISE
LEFT_SHOULDER,0.6428548097610474,0.7412305474281311,-0.15183910727500916,ARMS RAISE
RIGHT_SHOULDER,0.3453556299209595,0.7534023523330688,-0.2186678647994995,ARMS RAISE
LEFT_ELBOW,0.7439403533935547,0.9879254102706909,-0.19906741380691528,ARMS RAISE
RIGHT_ELBOW,0.26358562707901,1.0406385660171509,-0.4528401494026184,ARMS RAISE
LEFT_HIP,0.5925413370132446,1.4928936958312988,-0.011219199746847153,ARMS RAISE
RIGHT_HIP,0.3908713757991791,1.4883309602737427,0.014720866456627846,ARMS RAISE
LEFT_SHOULDER,0.6429393291473389,0.7422335147857666,-0.16301776468753815,ARMS RAISE
RIGHT_SHOULDER,0.3451330065727234,0.7532845139503479,-0.21892769634723663,ARMS RAISE
LEFT_ELBOW,0.7484965920448303,0.9882971048355103,-0.2103910893201828,ARMS RAISE
RIGHT_ELBOW,0.23542852699756622,0.9994726181030273,-0.4037768244743347,ARMS RAISE
LEFT_HIP,0.5906215906143188,1.492971658706665,-0.011932836845517159,ARMS RAISE
RIGHT_HIP,0.38863545656204224,1.4883089065551758,0.015518836677074432,ARMS RAISE
LEFT_SHOULDER,0.6427642703056335,0.7443524599075317,-0.1296825408935547,ARMS RAISE
RIGHT_SHOULDER,0.34438467025756836,0.7533397078514099,-0.19514459371566772,ARMS RAISE
LEFT_ELBOW,0.7591818571090698,0.9864877462387085,-0.14889736473560333,ARMS RAISE
RIGHT_ELBOW,0.23639941215515137,1.0032826662063599,-0.34374508261680603,ARMS RAISE
LEFT_HIP,0.5890098810195923,1.4928942918777466,-0.019950905814766884,ARMS RAISE
RIGHT_HIP,0.3872045576572418,1.4886672496795654,0.023507000878453255,ARMS RAISE
LEFT_SHOULDER,0.6427735090255737,0.7443428635597229,-0.12512540817260742,ARMS RAISE
RIGHT_SHOULDER,0.34597498178482056,0.7533503770828247,-0.21601799130439758,ARMS RAISE
LEFT_ELBOW,0.7722979784011841,0.9777150750160217,-0.0833357647061348,ARMS RAISE
RIGHT_ELBOW,0.24236705899238586,1.0081627368927002,-0.38936302065849304,ARMS RAISE
LEFT_HIP,0.5919898748397827,1.4831843376159668,-0.006793302483856678,ARMS RAISE
RIGHT_HIP,0.39531558752059937,1.484363317489624,0.009963150136172771,ARMS RAISE
LEFT_SHOULDER,0.6428808569908142,0.7440095543861389,-0.12027207762002945,ARMS RAISE
RIGHT_SHOULDER,0.3471762239933014,0.7533565163612366,-0.22189216315746307,ARMS RAISE
LEFT_ELBOW,0.775133490562439,0.9729470014572144,-0.05068453028798103,ARMS RAISE
RIGHT_ELBOW,0.24954383075237274,1.0112459659576416,-0.40546512603759766,ARMS RAISE
LEFT_HIP,0.5957022309303284,1.4766055345535278,-0.00367938494309783,ARMS RAISE
RIGHT_HIP,0.39861494302749634,1.4801476001739502,0.006799111608415842,ARMS RAISE
LEFT_SHOULDER,0.6454293727874756,0.7440932989120483,-0.09546934068202972,ARMS RAISE
RIGHT_SHOULDER,0.34710341691970825,0.74957674741745,-0.22181904315948486,ARMS RAISE
LEFT_ELBOW,0.831877589225769,0.9437950253486633,-0.07599989324808121,ARMS RAISE
RIGHT_ELBOW,0.19639292359352112,0.9683223366737366,-0.3737805485725403,ARMS RAISE
LEFT_HIP,0.5919362902641296,1.4769097566604614,0.015937548130750656,ARMS RAISE
RIGHT_HIP,0.404755175113678,1.488762617111206,-0.013462888076901436,ARMS RAISE
LEFT_SHOULDER,0.6470328569412231,0.7441917657852173,-0.08659619092941284,ARMS RAISE
RIGHT_SHOULDER,0.34700262546539307,0.7474629878997803,-0.22175931930541992,ARMS RAISE
LEFT_ELBOW,0.8418887853622437,0.9331278204917908,-0.08566520363092422,ARMS RAISE
RIGHT_ELBOW,0.1854274868965149,0.9566935896873474,-0.37004053592681885,ARMS RAISE
LEFT_HIP,0.5896846055984497,1.4771472215652466,0.02289077639579773,ARMS RAISE
RIGHT_HIP,0.4076628088951111,1.4937686920166016,-0.020506512373685837,ARMS RAISE
LEFT_SHOULDER,0.6476346254348755,0.7456974387168884,-0.0792805626988411,ARMS RAISE
RIGHT_SHOULDER,0.3455222249031067,0.7470980286598206,-0.2679939568042755,ARMS RAISE
LEFT_ELBOW,0.8625949621200562,0.920647919178009,-0.09886316955089569,ARMS RAISE
RIGHT_ELBOW,0.16442465782165527,0.9373058676719666,-0.4771948754787445,ARMS RAISE
LEFT_HIP,0.5882524251937866,1.4937145709991455,0.047215916216373444,ARMS RAISE
RIGHT_HIP,0.4107305407524109,1.5141184329986572,-0.045079365372657776,ARMS RAISE
LEFT_SHOULDER,0.6476638317108154,0.7460591793060303,-0.09071747213602066,ARMS RAISE
RIGHT_SHOULDER,0.34456709027290344,0.7398644089698792,-0.28976884484291077,ARMS RAISE
LEFT_ELBOW,0.867753803730011,0.870316207408905,-0.16518831253051758,ARMS RAISE
RIGHT_ELBOW,0.1307244747877121,0.8770701289176941,-0.5021007061004639,ARMS RAISE
LEFT_HIP,0.581905722618103,1.4935771226882935,0.04625968262553215,ARMS RAISE
RIGHT_HIP,0.40970882773399353,1.5122450590133667,-0.043814800679683685,ARMS RAISE
LEFT_SHOULDER,0.6478363871574402,0.743532121181488,-0.15263985097408295,ARMS RAISE
RIGHT_SHOULDER,0.34456580877304077,0.7374148964881897,-0.315961629152298,ARMS RAISE
LEFT_ELBOW,0.8868988156318665,0.8094223141670227,-0.22289223968982697,ARMS RAISE
RIGHT_ELBOW,0.1275959312915802,0.8219445943832397,-0.46354326605796814,ARMS RAISE
LEFT_HIP,0.5828255414962769,1.4929224252700806,0.0421418696641922,ARMS RAISE
RIGHT_HIP,0.41759705543518066,1.5112874507904053,-0.03977202996611595,ARMS RAISE
LEFT_SHOULDER,0.6476813554763794,0.7435897588729858,-0.12904851138591766,ARMS RAISE
RIGHT_SHOULDER,0.34465593099594116,0.737166166305542,-0.2944186329841614,ARMS RAISE
LEFT_ELBOW,0.8918607831001282,0.7901516556739807,-0.19825363159179688,ARMS RAISE
RIGHT_ELBOW,0.13775192201137543,0.7995230555534363,-0.46129369735717773,ARMS RAISE
LEFT_HIP,0.58303302526474,1.5003219842910767,0.040776245296001434,ARMS RAISE
RIGHT_HIP,0.4195285737514496,1.5132176876068115,-0.03840433061122894,ARMS RAISE
LEFT_SHOULDER,0.6476717591285706,0.7438018918037415,-0.13476495444774628,ARMS RAISE
RIGHT_SHOULDER,0.3430728614330292,0.7365550398826599,-0.30381160974502563,ARMS RAISE
LEFT_ELBOW,0.8858561515808105,0.7777637243270874,-0.21445481479167938,ARMS RAISE
RIGHT_ELBOW,0.12560001015663147,0.7809386253356934,-0.4861641526222229,ARMS RAISE
LEFT_HIP,0.5855070352554321,1.5169063806533813,0.03819868713617325,ARMS RAISE
RIGHT_HIP,0.41841569542884827,1.5263594388961792,-0.035815946757793427,ARMS RAISE
LEFT_SHOULDER,0.6476637721061707,0.7462766766548157,-0.13249443471431732,ARMS RAISE
RIGHT_SHOULDER,0.3417872488498688,0.7367045879364014,-0.3090839684009552,ARMS RAISE
LEFT_ELBOW,0.8901885151863098,0.7744337916374207,-0.21539166569709778,ARMS RAISE
RIGHT_ELBOW,0.12201596796512604,0.7691032290458679,-0.48489370942115784,ARMS RAISE
LEFT_HIP,0.5855323076248169,1.52852201461792,0.03730630874633789,ARMS RAISE
RIGHT_HIP,0.4180399775505066,1.5364949703216553,-0.03496085852384567,ARMS RAISE
LEFT_SHOULDER,0.6476608514785767,0.7467067241668701,-0.14477351307868958,ARMS RAISE
RIGHT_SHOULDER,0.340501606464386,0.7368318438529968,-0.31399649381637573,ARMS RAISE
LEFT_ELBOW,0.8905192613601685,0.7740811109542847,-0.23699423670768738,ARMS RAISE
RIGHT_ELBOW,0.11642885208129883,0.7675142884254456,-0.49345192313194275,ARMS RAISE
LEFT_HIP,0.5859578251838684,1.5400692224502563,0.036613788455724716,ARMS RAISE
RIGHT_HIP,0.4174014627933502,1.550501823425293,-0.03411379083991051,ARMS RAISE
LEFT_SHOULDER,0.6461169719696045,0.7417867183685303,-0.14454391598701477,ARMS RAISE
RIGHT_SHOULDER,0.3406839072704315,0.7273989915847778,-0.2952459156513214,ARMS RAISE
LEFT_ELBOW,0.8846865892410278,0.762573778629303,-0.22201958298683167,ARMS RAISE
RIGHT_ELBOW,0.12523578107357025,0.7617761492729187,-0.44900673627853394,ARMS RAISE
LEFT_HIP,0.5882411003112793,1.5207322835922241,0.01910554990172386,ARMS RAISE
RIGHT_HIP,0.41946882009506226,1.5332798957824707,-0.01701216585934162,ARMS RAISE
LEFT_SHOULDER,0.6439067125320435,0.7418419122695923,-0.15023288130760193,ARMS RAISE
RIGHT_SHOULDER,0.3397514224052429,0.7275487184524536,-0.2948363423347473,ARMS RAISE
LEFT_ELBOW,0.8805017471313477,0.7594047784805298,-0.232778400182724,ARMS RAISE
RIGHT_ELBOW,0.11868561804294586,0.7569575905799866,-0.4775720536708832,ARMS RAISE
LEFT_HIP,0.5888060927391052,1.5211049318313599,0.015756942331790924,ARMS RAISE
RIGHT_HIP,0.41902390122413635,1.5340982675552368,-0.013829858973622322,ARMS RAISE
LEFT_SHOULDER,0.6426790356636047,0.7416984438896179,-0.1782943606376648,ARMS RAISE
RIGHT_SHOULDER,0.3392001688480377,0.7272050380706787,-0.3067621886730194,ARMS RAISE
LEFT_ELBOW,0.8780248761177063,0.7545812726020813,-0.2550983726978302,ARMS RAISE
RIGHT_ELBOW,0.11507394164800644,0.7510574460029602,-0.5203035473823547,ARMS RAISE
LEFT_HIP,0.5899180769920349,1.5207616090774536,0.012789471074938774,ARMS RAISE
RIGHT_HIP,0.4188949465751648,1.5343438386917114,-0.010953412391245365,ARMS RAISE
LEFT_SHOULDER,0.6417983770370483,0.7415777444839478,-0.19142700731754303,ARMS RAISE
RIGHT_SHOULDER,0.3389306962490082,0.7242380976676941,-0.3112083971500397,ARMS RAISE
LEFT_ELBOW,0.8775010108947754,0.7570517659187317,-0.25297003984451294,ARMS RAISE
RIGHT_ELBOW,0.11763007938861847,0.7489214539527893,-0.5146127343177795,ARMS RAISE
LEFT_HIP,0.5909565091133118,1.5165151357650757,0.008121496997773647,ARMS RAISE
RIGHT_HIP,0.41791850328445435,1.5314619541168213,-0.006480502896010876,ARMS RAISE
LEFT_SHOULDER,0.6414289474487305,0.7401883602142334,-0.20148341357707977,ARMS RAISE
RIGHT_SHOULDER,0.3388301432132721,0.723370373249054,-0.3079584836959839,ARMS RAISE
LEFT_ELBOW,0.8796054124832153,0.7488754987716675,-0.2791684567928314,ARMS RAISE
RIGHT_ELBOW,0.11540798097848892,0.7409928441047668,-0.5031205415725708,ARMS RAISE
LEFT_HIP,0.5909324884414673,1.515390396118164,0.007629277650266886,ARMS RAISE
RIGHT_HIP,0.4177789092063904,1.5310499668121338,-0.005922009237110615,ARMS RAISE
LEFT_SHOULDER,0.6412034630775452,0.7387760877609253,-0.20495839416980743,ARMS RAISE
RIGHT_SHOULDER,0.33873745799064636,0.722405731678009,-0.3066147267818451,ARMS RAISE
LEFT_ELBOW,0.8807302713394165,0.746643602848053,-0.28525036573410034,ARMS RAISE
RIGHT_ELBOW,0.1145445927977562,0.7386382222175598,-0.4911479949951172,ARMS RAISE
LEFT_HIP,0.5909038782119751,1.5144883394241333,0.008064184337854385,ARMS RAISE
RIGHT_HIP,0.41766804456710815,1.530724048614502,-0.00630925502628088,ARMS RAISE
LEFT_SHOULDER,0.6412144303321838,0.7370204329490662,-0.1708526611328125,ARMS RAISE
RIGHT_SHOULDER,0.33871954679489136,0.7201295495033264,-0.3064360022544861,ARMS RAISE
LEFT_ELBOW,0.8810762166976929,0.7521387934684753,-0.25113973021507263,ARMS RAISE
RIGHT_ELBOW,0.11655191332101822,0.7392539381980896,-0.491301953792572,ARMS RAISE
LEFT_HIP,0.5908793807029724,1.5110851526260376,0.017317265272140503,ARMS RAISE
RIGHT_HIP,0.41753363609313965,1.5270670652389526,-0.015623455867171288,ARMS RAISE
LEFT_SHOULDER,0.6404105424880981,0.7382577657699585,-0.21327385306358337,ARMS RAISE
RIGHT_SHOULDER,0.3379720449447632,0.7196661233901978,-0.34124329686164856,ARMS RAISE
LEFT_ELBOW,0.8799645304679871,0.7527680993080139,-0.2941807806491852,ARMS RAISE
RIGHT_ELBOW,0.10828287899494171,0.7381986975669861,-0.5233538150787354,ARMS RAISE
LEFT_HIP,0.589979350566864,1.5101041793823242,0.013138552196323872,ARMS RAISE
RIGHT_HIP,0.41327986121177673,1.5252456665039062,-0.011508384719491005,ARMS RAISE
LEFT_SHOULDER,0.640769898891449,0.7370818853378296,-0.1745140105485916,ARMS RAISE
RIGHT_SHOULDER,0.3379376232624054,0.717228353023529,-0.33518746495246887,ARMS RAISE
LEFT_ELBOW,0.8799999952316284,0.7548879981040955,-0.2538507282733917,ARMS RAISE
RIGHT_ELBOW,0.10923411697149277,0.7423244714736938,-0.5195722579956055,ARMS RAISE
LEFT_HIP,0.5899812579154968,1.5072134733200073,0.025781240314245224,ARMS RAISE
RIGHT_HIP,0.4139435887336731,1.5237808227539062,-0.024038583040237427,ARMS RAISE
LEFT_SHOULDER,0.6413491368293762,0.7370005249977112,-0.13737206161022186,ARMS RAISE
RIGHT_SHOULDER,0.33812040090560913,0.7173200845718384,-0.3032994866371155,ARMS RAISE
LEFT_ELBOW,0.8867474794387817,0.7557888627052307,-0.22378630936145782,ARMS RAISE
RIGHT_ELBOW,0.11057732999324799,0.7453171014785767,-0.49132126569747925,ARMS RAISE
LEFT_HIP,0.588545024394989,1.5175559520721436,0.03031151369214058,ARMS RAISE
RIGHT_HIP,0.4139038026332855,1.530512809753418,-0.028373856097459793,ARMS RAISE
LEFT_SHOULDER,0.6413586735725403,0.7372771501541138,-0.13358734548091888,ARMS RAISE
RIGHT_SHOULDER,0.33821648359298706,0.7174656987190247,-0.3020527958869934,ARMS RAISE
LEFT_ELBOW,0.8865587115287781,0.7676419019699097,-0.2060488760471344,ARMS RAISE
RIGHT_ELBOW,0.1173478215932846,0.7553539872169495,-0.48830753564834595,ARMS RAISE
LEFT_HIP,0.5886868834495544,1.5171911716461182,0.03268762305378914,ARMS RAISE
RIGHT_HIP,0.4141806960105896,1.5288859605789185,-0.030685793608427048,ARMS RAISE
LEFT_SHOULDER,0.6420024633407593,0.7377399206161499,-0.13058164715766907,ARMS RAISE
RIGHT_SHOULDER,0.33859580755233765,0.7175472974777222,-0.3028581738471985,ARMS RAISE
LEFT_ELBOW,0.8819476962089539,0.797389030456543,-0.18314865231513977,ARMS RAISE
RIGHT_ELBOW,0.12891444563865662,0.816128134727478,-0.482571542263031,ARMS RAISE
LEFT_HIP,0.5892719030380249,1.50325345993042,0.04558009281754494,ARMS RAISE
RIGHT_HIP,0.4167560040950775,1.5161542892456055,-0.043498922139406204,ARMS RAISE
LEFT_SHOULDER,0.6422686576843262,0.7378319501876831,-0.126320019364357,ARMS RAISE
RIGHT_SHOULDER,0.33869606256484985,0.7176665663719177,-0.30277779698371887,ARMS RAISE
LEFT_ELBOW,0.8789286613464355,0.8087835311889648,-0.17598003149032593,ARMS RAISE
RIGHT_ELBOW,0.13489052653312683,0.832696259021759,-0.4758578836917877,ARMS RAISE
LEFT_HIP,0.5895203351974487,1.4946507215499878,0.04967103525996208,ARMS RAISE
RIGHT_HIP,0.4183930456638336,1.5087099075317383,-0.04755319282412529,ARMS RAISE
LEFT_SHOULDER,0.6446073055267334,0.7380965948104858,-0.09348894655704498,ARMS RAISE
RIGHT_SHOULDER,0.3386872410774231,0.7178069353103638,-0.2945736348628998,ARMS RAISE
LEFT_ELBOW,0.8787614107131958,0.8476725220680237,-0.16464456915855408,ARMS RAISE
RIGHT_ELBOW,0.14038187265396118,0.889436662197113,-0.5468564629554749,ARMS RAISE
LEFT_HIP,0.5877090096473694,1.4927290678024292,0.060594599694013596,ARMS RAISE
RIGHT_HIP,0.41832050681114197,1.5071663856506348,-0.058265723288059235,ARMS RAISE
LEFT_SHOULDER,0.6453477144241333,0.7393290400505066,-0.08765093237161636,ARMS RAISE
RIGHT_SHOULDER,0.33874619007110596,0.7225884199142456,-0.26160454750061035,ARMS RAISE
LEFT_ELBOW,0.8524435758590698,0.9214025139808655,-0.13827873766422272,ARMS RAISE
RIGHT_ELBOW,0.1704961359500885,0.9490342140197754,-0.4691952168941498,ARMS RAISE
LEFT_HIP,0.586887538433075,1.493459939956665,0.05708163231611252,ARMS RAISE
RIGHT_HIP,0.4175536632537842,1.512521505355835,-0.0547630675137043,ARMS RAISE
LEFT_SHOULDER,0.6450405716896057,0.740010678768158,-0.09741158783435822,ARMS RAISE
RIGHT_SHOULDER,0.3387588858604431,0.7281676530838013,-0.26815149188041687,ARMS RAISE
LEFT_ELBOW,0.809838593006134,0.9442409873008728,-0.1227257251739502,ARMS RAISE
RIGHT_ELBOW,0.2002941071987152,0.9812768697738647,-0.4511972963809967,ARMS RAISE
LEFT_HIP,0.5861505270004272,1.4935849905014038,0.05149048566818237,ARMS RAISE
RIGHT_HIP,0.4086443781852722,1.5119187831878662,-0.04856276512145996,ARMS RAISE
LEFT_SHOULDER,0.6447650194168091,0.7405186891555786,-0.10379098355770111,ARMS RAISE
RIGHT_SHOULDER,0.338790625333786,0.7314664125442505,-0.27192285656929016,ARMS RAISE
LEFT_ELBOW,0.8010435104370117,0.9482080340385437,-0.11724190413951874,ARMS RAISE
RIGHT_ELBOW,0.2063995897769928,0.9866095781326294,-0.4433976113796234,ARMS RAISE
LEFT_HIP,0.5856735706329346,1.4937242269515991,0.04795842617750168,ARMS RAISE
RIGHT_HIP,0.40460020303726196,1.511395812034607,-0.04472780227661133,ARMS RAISE
LEFT_SHOULDER,0.6435797214508057,0.7416573166847229,-0.11392217874526978,ARMS RAISE
RIGHT_SHOULDER,0.340331107378006,0.7347967624664307,-0.24999769032001495,ARMS RAISE
LEFT_ELBOW,0.7752282023429871,0.9674448370933533,-0.09227950870990753,ARMS RAISE
RIGHT_ELBOW,0.22770433127880096,0.9975255131721497,-0.47187894582748413,ARMS RAISE
LEFT_HIP,0.5899656414985657,1.4856606721878052,0.01482506562024355,ARMS RAISE
RIGHT_HIP,0.39991849660873413,1.5013093948364258,-0.011838763952255249,ARMS RAISE
LEFT_SHOULDER,0.6434321403503418,0.7415295243263245,-0.11188815534114838,ARMS RAISE
RIGHT_SHOULDER,0.3430483341217041,0.741199254989624,-0.22678545117378235,ARMS RAISE
LEFT_ELBOW,0.7626253366470337,0.9834536910057068,-0.0651514083147049,ARMS RAISE
RIGHT_ELBOW,0.2452637255191803,1.0144656896591187,-0.39520353078842163,ARMS RAISE
LEFT_HIP,0.5939128398895264,1.4724727869033813,0.004802949260920286,ARMS RAISE
RIGHT_HIP,0.40009480714797974,1.4852992296218872,-0.0018088233191519976,ARMS RAISE
LEFT_SHOULDER,0.6437734365463257,0.7420195937156677,-0.10439646244049072,ARMS RAISE
RIGHT_SHOULDER,0.3435133099555969,0.7440239191055298,-0.23825569450855255,ARMS RAISE
LEFT_ELBOW,0.7531915903091431,0.9855507612228394,-0.020721357315778732,ARMS RAISE
RIGHT_ELBOW,0.27271783351898193,1.0651270151138306,-0.37187328934669495,ARMS RAISE
LEFT_HIP,0.5938239693641663,1.4739598035812378,-0.004412619397044182,ARMS RAISE
RIGHT_HIP,0.39358147978782654,1.4847668409347534,0.007398843765258789,ARMS RAISE
LEFT_SHOULDER,0.6437787413597107,0.7437226176261902,-0.11593055725097656,ARMS RAISE
RIGHT_SHOULDER,0.34350213408470154,0.7470833659172058,-0.22196324169635773,ARMS RAISE
LEFT_ELBOW,0.7504996061325073,0.9955753087997437,-0.13814784586429596,ARMS RAISE
RIGHT_ELBOW,0.262533962726593,1.0432325601577759,-0.3923529386520386,ARMS RAISE
LEFT_HIP,0.593657374382019,1.474478006362915,-0.009366130456328392,ARMS RAISE
RIGHT_HIP,0.3908989727497101,1.4859341382980347,0.012775808572769165,ARMS RAISE
LEFT_SHOULDER,0.643802285194397,0.7447363138198853,-0.12359540164470673,ARMS RAISE
RIGHT_SHOULDER,0.3435184359550476,0.7487666606903076,-0.21914000809192657,ARMS RAISE
LEFT_ELBOW,0.7500618696212769,0.9982417821884155,-0.15922583639621735,ARMS RAISE
RIGHT_ELBOW,0.26119816303253174,1.039238452911377,-0.4054892659187317,ARMS RAISE
LEFT_HIP,0.5935589075088501,1.474794626235962,-0.012300792150199413,ARMS RAISE
RIGHT_HIP,0.38996440172195435,1.486665964126587,0.01582764834165573,ARMS RAISE
LEFT_SHOULDER,0.6439929008483887,0.7451338171958923,-0.12229648977518082,ARMS RAISE
RIGHT_SHOULDER,0.343482106924057,0.749316930770874,-0.2222898304462433,ARMS RAISE
LEFT_ELBOW,0.750038743019104,1.0017693042755127,-0.14124847948551178,ARMS RAISE
RIGHT_ELBOW,0.2642141580581665,1.0478270053863525,-0.4073001444339752,ARMS RAISE
LEFT_HIP,0.5937567949295044,1.4757871627807617,-0.009420344606041908,ARMS RAISE
RIGHT_HIP,0.3894759714603424,1.487255573272705,0.012870622798800468,ARMS RAISE
LEFT_SHOULDER,0.6440814733505249,0.7456477880477905,-0.13044454157352448,ARMS RAISE
RIGHT_SHOULDER,0.34383052587509155,0.7521857619285583,-0.22248928248882294,ARMS RAISE
LEFT_ELBOW,0.75286465883255,1.001341462135315,-0.12788237631320953,ARMS RAISE
RIGHT_ELBOW,0.258175790309906,1.0396771430969238,-0.40485748648643494,ARMS RAISE
LEFT_HIP,0.5955080389976501,1.4767311811447144,-0.009849018417298794,ARMS RAISE
RIGHT_HIP,0.3899376392364502,1.487711787223816,0.0131702721118927,ARMS RAISE
LEFT_SHOULDER,0.6455659866333008,0.7466133236885071,-0.14770032465457916,ARMS RAISE
RIGHT_SHOULDER,0.34429770708084106,0.7545499801635742,-0.22750917077064514,ARMS RAISE
LEFT_ELBOW,0.7743566632270813,0.999549925327301,-0.16155526041984558,ARMS RAISE
RIGHT_ELBOW,0.23675596714019775,1.037262201309204,-0.4076785445213318,ARMS RAISE
LEFT_HIP,0.5961487889289856,1.4948928356170654,0.0001773819385562092,ARMS RAISE
RIGHT_HIP,0.3924080431461334,1.5021944046020508,0.0031548093538731337,ARMS RAISE
LEFT_SHOULDER,0.6464167833328247,0.7464224100112915,-0.15724310278892517,ARMS RAISE
RIGHT_SHOULDER,0.3437401056289673,0.7535279989242554,-0.27072873711586,ARMS RAISE
LEFT_ELBOW,0.8164836168289185,0.9985475540161133,-0.15777194499969482,ARMS RAISE
RIGHT_ELBOW,0.22298893332481384,1.0113788843154907,-0.4964572787284851,ARMS RAISE
LEFT_HIP,0.5967594385147095,1.5036143064498901,0.0005988542689010501,ARMS RAISE
RIGHT_HIP,0.3949650824069977,1.5116500854492188,0.002678071614354849,ARMS RAISE
LEFT_SHOULDER,0.64708411693573,0.7463123798370361,-0.1622363179922104,ARMS RAISE
RIGHT_SHOULDER,0.3434299826622009,0.7530104517936707,-0.2851199507713318,ARMS RAISE
LEFT_ELBOW,0.8271163702011108,0.9972203373908997,-0.1533416211605072,ARMS RAISE
RIGHT_ELBOW,0.21697106957435608,0.9987542033195496,-0.5051762461662292,ARMS RAISE
LEFT_HIP,0.5970097184181213,1.5086967945098877,0.0009085534256882966,ARMS RAISE
RIGHT_HIP,0.3969002962112427,1.5170336961746216,0.002329518087208271,ARMS RAISE
LEFT_SHOULDER,0.6495563983917236,0.7467637062072754,-0.16564777493476868,ARMS RAISE
RIGHT_SHOULDER,0.34082379937171936,0.7481030225753784,-0.28206849098205566,ARMS RAISE
LEFT_ELBOW,0.8765577077865601,0.8904224038124084,-0.23404112458229065,ARMS RAISE
RIGHT_ELBOW,0.1378709077835083,0.9273272752761841,-0.4948682188987732,ARMS RAISE
LEFT_HIP,0.5959222316741943,1.522477388381958,0.0033372007310390472,ARMS RAISE
RIGHT_HIP,0.40703803300857544,1.5361545085906982,-0.00046155424206517637,ARMS RAISE
LEFT_SHOULDER,0.6498336791992188,0.7483938336372375,-0.16315187513828278,ARMS RAISE
RIGHT_SHOULDER,0.33905449509620667,0.745005190372467,-0.28569966554641724,ARMS RAISE
LEFT_ELBOW,0.8818028569221497,0.8633092045783997,-0.2390471249818802,ARMS RAISE
RIGHT_ELBOW,0.126023069024086,0.90415358543396,-0.4948033392429352,ARMS RAISE
LEFT_HIP,0.5959032773971558,1.531419038772583,0.008555350825190544,ARMS RAISE
RIGHT_HIP,0.4104636609554291,1.5449211597442627,-0.006047868635505438,ARMS RAISE
LEFT_SHOULDER,0.6491578817367554,0.7482849359512329,-0.16509589552879333,ARMS RAISE
RIGHT_SHOULDER,0.3388121724128723,0.7369616031646729,-0.28541427850723267,ARMS RAISE
LEFT_ELBOW,0.8797400593757629,0.8210529088973999,-0.23308317363262177,ARMS RAISE
RIGHT_ELBOW,0.13090838491916656,0.8189717531204224,-0.48899516463279724,ARMS RAISE
LEFT_HIP,0.5933886766433716,1.5222060680389404,0.00786551646888256,ARMS RAISE
RIGHT_HIP,0.410897433757782,1.5293176174163818,-0.0054317014291882515,ARMS RAISE
LEFT_SHOULDER,0.6489063501358032,0.7484658360481262,-0.14670857787132263,ARMS RAISE
RIGHT_SHOULDER,0.33705854415893555,0.7329055070877075,-0.28597715497016907,ARMS RAISE
LEFT_ELBOW,0.8834923505783081,0.7980402708053589,-0.21793599426746368,ARMS RAISE
RIGHT_ELBOW,0.1222267746925354,0.7950397729873657,-0.48362404108047485,ARMS RAISE
LEFT_HIP,0.5914003252983093,1.5311400890350342,0.019478626549243927,ARMS RAISE
RIGHT_HIP,0.4109745919704437,1.5366714000701904,-0.017233405262231827,ARMS RAISE
LEFT_SHOULDER,0.6499737501144409,0.746059000492096,-0.23225656151771545,ARMS RAISE
RIGHT_SHOULDER,0.33810943365097046,0.7301843166351318,-0.2847152352333069,ARMS RAISE
LEFT_ELBOW,0.8895329236984253,0.792427122592926,-0.3096413016319275,ARMS RAISE
RIGHT_ELBOW,0.12521079182624817,0.7706276178359985,-0.470988929271698,ARMS RAISE
LEFT_HIP,0.5939438939094543,1.5296378135681152,-0.00621850835159421,ARMS RAISE
RIGHT_HIP,0.41332799196243286,1.535904049873352,0.008152429014444351,ARMS RAISE
LEFT_SHOULDER,0.6489623188972473,0.7426940202713013,-0.2642049193382263,ARMS RAISE
RIGHT_SHOULDER,0.33812564611434937,0.7239478230476379,-0.3309429883956909,ARMS RAISE
LEFT_ELBOW,0.8899748921394348,0.7673811316490173,-0.33340564370155334,ARMS RAISE
RIGHT_ELBOW,0.11816564947366714,0.747714638710022,-0.471229612827301,ARMS RAISE
LEFT_HIP,0.5939169526100159,1.5281453132629395,-0.012634800747036934,ARMS RAISE
RIGHT_HIP,0.4127400517463684,1.5356730222702026,0.014535131864249706,ARMS RAISE
LEFT_SHOULDER,0.648014485836029,0.7405216693878174,-0.2627161741256714,ARMS RAISE
RIGHT_SHOULDER,0.338144451379776,0.7203603982925415,-0.3456386923789978,ARMS RAISE
LEFT_ELBOW,0.8902772665023804,0.7589019536972046,-0.3318255841732025,ARMS RAISE
RIGHT_ELBOW,0.11511076986789703,0.7427021265029907,-0.4710027277469635,ARMS RAISE
LEFT_HIP,0.593532919883728,1.5263704061508179,-0.010931430384516716,ARMS RAISE
RIGHT_HIP,0.4126809239387512,1.535152554512024,0.012929375283420086,ARMS RAISE
LEFT_SHOULDER,0.6469422578811646,0.7402915954589844,-0.24354033172130585,ARMS RAISE
RIGHT_SHOULDER,0.3381185829639435,0.7176493406295776,-0.31535109877586365,ARMS RAISE
LEFT_ELBOW,0.8880438804626465,0.7571489810943604,-0.30732104182243347,ARMS RAISE
RIGHT_ELBOW,0.11463011801242828,0.7296755313873291,-0.43609362840652466,ARMS RAISE
LEFT_HIP,0.593543529510498,1.5215740203857422,-0.020433500409126282,ARMS RAISE
RIGHT_HIP,0.4125998616218567,1.534239411354065,0.02239842340350151,ARMS RAISE
LEFT_SHOULDER,0.6468110680580139,0.7392851114273071,-0.23756976425647736,ARMS RAISE
RIGHT_SHOULDER,0.3393514156341553,0.7174084782600403,-0.31266844272613525,ARMS RAISE
LEFT_ELBOW,0.8888838887214661,0.7605227828025818,-0.30268412828445435,ARMS RAISE
RIGHT_ELBOW,0.11746928840875626,0.7227588295936584,-0.4142882227897644,ARMS RAISE
LEFT_HIP,0.5935694575309753,1.5143003463745117,-0.01656920276582241,ARMS RAISE
RIGHT_HIP,0.4139978289604187,1.5293000936508179,0.01833167113363743,ARMS RAISE
LEFT_SHOULDER,0.6466854810714722,0.7392865419387817,-0.24733781814575195,ARMS RAISE
RIGHT_SHOULDER,0.339291512966156,0.7162196636199951,-0.28392064571380615,ARMS RAISE
LEFT_ELBOW,0.8897038698196411,0.7616759538650513,-0.32203859090805054,ARMS RAISE
RIGHT_ELBOW,0.11735304445028305,0.7253893613815308,-0.3993929326534271,ARMS RAISE
LEFT_HIP,0.5916846990585327,1.514216423034668,-0.02987655997276306,ARMS RAISE
RIGHT_HIP,0.41159576177597046,1.5291510820388794,0.03177383914589882,ARMS RAISE
LEFT_SHOULDER,0.6464179754257202,0.7389070391654968,-0.2530224025249481,ARMS RAISE
RIGHT_SHOULDER,0.33888182044029236,0.7164603471755981,-0.3027576506137848,ARMS RAISE
LEFT_ELBOW,0.8916780352592468,0.7629328370094299,-0.3305073380470276,ARMS RAISE
RIGHT_ELBOW,0.1155085414648056,0.7380597591400146,-0.4183705747127533,ARMS RAISE
LEFT_HIP,0.590619683265686,1.5156441926956177,-0.02643699385225773,ARMS RAISE
RIGHT_HIP,0.4104975759983063,1.530832290649414,0.028440961614251137,ARMS RAISE
LEFT_SHOULDER,0.6462355852127075,0.738660454750061,-0.261121928691864,ARMS RAISE
RIGHT_SHOULDER,0.3385136127471924,0.7166659832000732,-0.3066907823085785,ARMS RAISE
LEFT_ELBOW,0.8929151296615601,0.763590931892395,-0.33928442001342773,ARMS RAISE
RIGHT_ELBOW,0.11188793182373047,0.7429957985877991,-0.4227043688297272,ARMS RAISE
LEFT_HIP,0.589776337146759,1.5172680616378784,-0.02494201995432377,ARMS RAISE
RIGHT_HIP,0.4092333912849426,1.5325024127960205,0.027009030804038048,ARMS RAISE
LEFT_SHOULDER,0.6466888189315796,0.7430713176727295,-0.23961374163627625,ARMS RAISE
RIGHT_SHOULDER,0.33828142285346985,0.7199799418449402,-0.3149888217449188,ARMS RAISE
LEFT_ELBOW,0.895724892616272,0.7661662697792053,-0.3341938853263855,ARMS RAISE
RIGHT_ELBOW,0.10927257686853409,0.7529060244560242,-0.4290364682674408,ARMS RAISE
LEFT_HIP,0.5896600484848022,1.5363705158233643,-0.008149204775691032,ARMS RAISE
RIGHT_HIP,0.4093567728996277,1.5445476770401,0.010423298925161362,ARMS RAISE
LEFT_SHOULDER,0.646391749382019,0.7446644306182861,-0.1679750233888626,ARMS RAISE
RIGHT_SHOULDER,0.33830583095550537,0.7200490236282349,-0.30982938408851624,ARMS RAISE
LEFT_ELBOW,0.8951155543327332,0.7863540053367615,-0.24329409003257751,ARMS RAISE
RIGHT_ELBOW,0.1298576444387436,0.79646235704422,-0.49193066358566284,ARMS RAISE
LEFT_HIP,0.5890690684318542,1.5281978845596313,0.013729443773627281,ARMS RAISE
RIGHT_HIP,0.4114825129508972,1.5323772430419922,-0.011347231455147266,ARMS RAISE
LEFT_SHOULDER,0.6481334567070007,0.7450212836265564,-0.14430955052375793,ARMS RAISE
RIGHT_SHOULDER,0.3383064568042755,0.7290785312652588,-0.27499574422836304,ARMS RAISE
LEFT_ELBOW,0.8866119384765625,0.8569267988204956,-0.2156112641096115,ARMS RAISE
RIGHT_ELBOW,0.13811616599559784,0.8952012658119202,-0.4948771595954895,ARMS RAISE
LEFT_HIP,0.5914111137390137,1.527674674987793,0.014663351699709892,ARMS RAISE
RIGHT_HIP,0.4164133071899414,1.5379669666290283,-0.012210891582071781,ARMS RAISE
LEFT_SHOULDER,0.6497417688369751,0.7462796568870544,-0.13111713528633118,ARMS RAISE
RIGHT_SHOULDER,0.33828669786453247,0.7385240197181702,-0.24057026207447052,ARMS RAISE
LEFT_ELBOW,0.8785215616226196,0.8939018845558167,-0.1867218315601349,ARMS RAISE
RIGHT_ELBOW,0.14687877893447876,0.9402943253517151,-0.44297775626182556,ARMS RAISE
LEFT_HIP,0.5913717150688171,1.5272842645645142,0.012935815379023552,ARMS RAISE
RIGHT_HIP,0.4161447584629059,1.5399941205978394,-0.010487268678843975,ARMS RAISE
LEFT_SHOULDER,0.6507590413093567,0.7475333213806152,-0.1342775523662567,ARMS RAISE
RIGHT_SHOULDER,0.3382111191749573,0.7442076206207275,-0.23343408107757568,ARMS RAISE
LEFT_ELBOW,0.8748615384101868,0.9037150144577026,-0.18954059481620789,ARMS RAISE
RIGHT_ELBOW,0.1500525176525116,0.9516295790672302,-0.4297388195991516,ARMS RAISE
LEFT_HIP,0.5913704037666321,1.5269101858139038,0.011880387552082539,ARMS RAISE
RIGHT_HIP,0.41599002480506897,1.5429117679595947,-0.009490104392170906,ARMS RAISE
LEFT_SHOULDER,0.6469772458076477,0.7459235191345215,-0.13619932532310486,ARMS RAISE
RIGHT_SHOULDER,0.3416275084018707,0.7451033592224121,-0.22578983008861542,ARMS RAISE
LEFT_ELBOW,0.8098490834236145,0.9388572573661804,-0.1772320568561554,ARMS RAISE
RIGHT_ELBOW,0.19796855747699738,0.9719113707542419,-0.38840681314468384,ARMS RAISE
LEFT_HIP,0.5912739038467407,1.4874072074890137,0.005078480578958988,ARMS RAISE
RIGHT_HIP,0.41587358713150024,1.5109442472457886,-0.0026446571573615074,ARMS RAISE
LEFT_SHOULDER,0.6452609300613403,0.7444714307785034,-0.14208506047725677,ARMS RAISE
RIGHT_SHOULDER,0.34297946095466614,0.7474377155303955,-0.2191143035888672,ARMS RAISE
LEFT_ELBOW,0.7918919324874878,0.9493681192398071,-0.15203069150447845,ARMS RAISE
RIGHT_ELBOW,0.1992170512676239,0.9784913659095764,-0.33941560983657837,ARMS RAISE
LEFT_HIP,0.5912576913833618,1.4773045778274536,0.004997129086405039,ARMS RAISE
RIGHT_HIP,0.4157160222530365,1.5027834177017212,-0.0025489276740700006,ARMS RAISE
LEFT_SHOULDER,0.644697904586792,0.7452572584152222,-0.14857600629329681,ARMS RAISE
RIGHT_SHOULDER,0.3440541625022888,0.7495556473731995,-0.22443647682666779,ARMS RAISE
LEFT_ELBOW,0.7831681370735168,0.9601187109947205,-0.16058650612831116,ARMS RAISE
RIGHT_ELBOW,0.20825473964214325,0.984983503818512,-0.3677509129047394,ARMS RAISE
LEFT_HIP,0.5922154188156128,1.4780354499816895,0.0036363904364407063,ARMS RAISE
RIGHT_HIP,0.4099036753177643,1.505425214767456,-0.0009931728709489107,ARMS RAISE
LEFT_SHOULDER,0.6442103385925293,0.7448949813842773,-0.14561879634857178,ARMS RAISE
RIGHT_SHOULDER,0.34557753801345825,0.7492998838424683,-0.22820007801055908,ARMS RAISE
LEFT_ELBOW,0.7717254161834717,0.9623785018920898,-0.08619723469018936,ARMS RAISE
RIGHT_ELBOW,0.2243475615978241,0.9986743330955505,-0.3093246817588806,ARMS RAISE
LEFT_HIP,0.5923575758934021,1.476589322090149,-0.0014848714927211404,ARMS RAISE
RIGHT_HIP,0.4040152430534363,1.493967056274414,0.0044267247430980206,ARMS RAISE
LEFT_SHOULDER,0.6442244052886963,0.7448832988739014,-0.1535802036523819,ARMS RAISE
RIGHT_SHOULDER,0.3445800840854645,0.7498687505722046,-0.22508148849010468,ARMS RAISE
LEFT_ELBOW,0.7652738094329834,0.981347382068634,-0.1026320680975914,ARMS RAISE
RIGHT_ELBOW,0.228587344288826,1.0098189115524292,-0.3448372483253479,ARMS RAISE
LEFT_HIP,0.5931135416030884,1.4751967191696167,-0.00979700032621622,ARMS RAISE
RIGHT_HIP,0.40015482902526855,1.4897770881652832,0.013111906126141548,ARMS RAISE
LEFT_SHOULDER,0.6442945599555969,0.7447825074195862,-0.13720685243606567,ARMS RAISE
RIGHT_SHOULDER,0.34456413984298706,0.7497895359992981,-0.22776179015636444,ARMS RAISE
LEFT_ELBOW,0.7470327615737915,0.9864404201507568,-0.0641426295042038,ARMS RAISE
RIGHT_ELBOW,0.2496720254421234,1.0252169370651245,-0.3330005407333374,ARMS RAISE
LEFT_HIP,0.5942797064781189,1.4704452753067017,-0.010410930961370468,ARMS RAISE
RIGHT_HIP,0.39909228682518005,1.4790922403335571,0.013714810833334923,ARMS RAISE
LEFT_SHOULDER,0.6444281339645386,0.7451643943786621,-0.13034524023532867,ARMS RAISE
RIGHT_SHOULDER,0.34452617168426514,0.7501457929611206,-0.2328156977891922,ARMS RAISE
LEFT_ELBOW,0.7457618117332458,0.9884263873100281,-0.05984480306506157,ARMS RAISE
RIGHT_ELBOW,0.2519058287143707,1.0326169729232788,-0.33269962668418884,ARMS RAISE
LEFT_HIP,0.5946435928344727,1.4718519449234009,-0.010181345976889133,ARMS RAISE
RIGHT_HIP,0.39689698815345764,1.4797300100326538,0.013440352864563465,ARMS RAISE
LEFT_SHOULDER,0.6460647583007812,0.7473491430282593,-0.14312425255775452,ARMS RAISE
RIGHT_SHOULDER,0.3448250889778137,0.7547427415847778,-0.22575612366199493,ARMS RAISE
LEFT_ELBOW,0.7478921413421631,0.9951202273368835,-0.09137275815010071,ARMS RAISE
RIGHT_ELBOW,0.25252765417099,1.0344493389129639,-0.33703458309173584,ARMS RAISE
LEFT_HIP,0.6007137298583984,1.477764368057251,-0.02139252983033657,ARMS RAISE
RIGHT_HIP,0.397055059671402,1.480733036994934,0.024770153686404228,ARMS RAISE
LEFT_SHOULDER,0.6476832628250122,0.7500349283218384,-0.09866160154342651,ARMS RAISE
RIGHT_SHOULDER,0.34429946541786194,0.757353663444519,-0.1865333765745163,ARMS RAISE
LEFT_ELBOW,0.7409647107124329,1.0047723054885864,-0.13918805122375488,ARMS RAISE
RIGHT_ELBOW,0.2583385109901428,1.0614345073699951,-0.38712170720100403,ARMS RAISE
LEFT_HIP,0.6006040573120117,1.4863007068634033,-0.01687999814748764,ARMS RAISE
RIGHT_HIP,0.39373350143432617,1.4901230335235596,0.020796768367290497,ARMS RAISE
LEFT_SHOULDER,0.6550368070602417,0.7604510188102722,-0.11082740873098373,ARMS RAISE
RIGHT_SHOULDER,0.34190961718559265,0.7617911696434021,-0.19712378084659576,ARMS RAISE
LEFT_ELBOW,0.7464429140090942,1.0070667266845703,-0.21134290099143982,ARMS RAISE
RIGHT_ELBOW,0.2543410360813141,1.0503623485565186,-0.4045015275478363,ARMS RAISE
LEFT_HIP,0.6027125120162964,1.508551001548767,-0.01642795279622078,ARMS RAISE
RIGHT_HIP,0.3926504850387573,1.5101699829101562,0.020466897636651993,ARMS RAISE
LEFT_SHOULDER,0.6548606157302856,0.7625908851623535,-0.0670676976442337,ARMS RAISE
RIGHT_SHOULDER,0.3414296507835388,0.7615270018577576,-0.18311595916748047,ARMS RAISE
LEFT_ELBOW,0.7411490082740784,1.0062814950942993,-0.18494677543640137,ARMS RAISE
RIGHT_ELBOW,0.2576594650745392,1.0610787868499756,-0.41746798157691956,ARMS RAISE
LEFT_HIP,0.5985075831413269,1.508052110671997,-0.015356768853962421,ARMS RAISE
RIGHT_HIP,0.3857927918434143,1.5054831504821777,0.019574785605072975,ARMS RAISE
LEFT_SHOULDER,0.6575587391853333,0.7745403051376343,-0.08791375160217285,ARMS RAISE
RIGHT_SHOULDER,0.3406807780265808,0.7691322565078735,-0.16661490499973297,ARMS RAISE
LEFT_ELBOW,0.7417286038398743,1.1133452653884888,-0.22152802348136902,ARMS RAISE
RIGHT_ELBOW,0.2571408450603485,1.0511975288391113,-0.3841967284679413,ARMS RAISE
LEFT_HIP,0.6009266972541809,1.5224367380142212,-0.016356831416487694,ARMS RAISE
RIGHT_HIP,0.38682639598846436,1.5209006071090698,0.020748112350702286,ARMS RAISE
LEFT_SHOULDER,0.6574801206588745,0.7738980650901794,-0.09748607873916626,ARMS RAISE
RIGHT_SHOULDER,0.34067147970199585,0.7674869894981384,-0.16971860826015472,ARMS RAISE
LEFT_ELBOW,0.7237064242362976,1.0762392282485962,-0.2074214518070221,ARMS RAISE
RIGHT_ELBOW,0.2607501149177551,1.0506231784820557,-0.40630897879600525,ARMS RAISE
LEFT_HIP,0.5988699793815613,1.5211687088012695,-0.016573745757341385,ARMS RAISE
RIGHT_HIP,0.3852185904979706,1.5169579982757568,0.020795470103621483,ARMS RAISE
LEFT_SHOULDER,0.6570490598678589,0.7733902931213379,-0.10247597843408585,ARMS RAISE
RIGHT_SHOULDER,0.34067049622535706,0.7659450769424438,-0.17770905792713165,ARMS RAISE
LEFT_ELBOW,0.7198916077613831,1.0573742389678955,-0.1998993456363678,ARMS RAISE
RIGHT_ELBOW,0.2622514069080353,1.0504229068756104,-0.42875248193740845,ARMS RAISE
LEFT_HIP,0.5974396467208862,1.5204542875289917,-0.016408249735832214,ARMS RAISE
RIGHT_HIP,0.3847571313381195,1.5143401622772217,0.020580068230628967,ARMS RAISE
LEFT_SHOULDER,0.6567211151123047,0.7729328870773315,-0.10464014112949371,ARMS RAISE
RIGHT_SHOULDER,0.34359005093574524,0.7657766342163086,-0.1822204440832138,ARMS RAISE
LEFT_ELBOW,0.7236688137054443,1.0506837368011475,-0.17950117588043213,ARMS RAISE
RIGHT_ELBOW,0.26410695910453796,1.0545470714569092,-0.3641304671764374,ARMS RAISE
LEFT_HIP,0.5974742770195007,1.5083569288253784,-0.016393084079027176,ARMS RAISE
RIGHT_HIP,0.38566654920578003,1.5060014724731445,0.020503614097833633,ARMS RAISE
LEFT_SHOULDER,0.6566387414932251,0.7726918458938599,-0.10744669288396835,ARMS RAISE
RIGHT_SHOULDER,0.3436008393764496,0.7654303908348083,-0.19834986329078674,ARMS RAISE
LEFT_ELBOW,0.7220222353935242,1.0489206314086914,-0.17939770221710205,ARMS RAISE
RIGHT_ELBOW,0.26417359709739685,1.0590336322784424,-0.3991958200931549,ARMS RAISE
LEFT_HIP,0.5982456207275391,1.50419020652771,-0.015822511166334152,ARMS RAISE
RIGHT_HIP,0.3874194920063019,1.503870964050293,0.019924655556678772,ARMS RAISE
LEFT_SHOULDER,0.6558148264884949,0.7780348062515259,-0.10623391717672348,ARMS RAISE
RIGHT_SHOULDER,0.34358084201812744,0.7650936841964722,-0.18324141204357147,ARMS RAISE
LEFT_ELBOW,0.7228659987449646,1.0440305471420288,-0.1670064777135849,ARMS RAISE
RIGHT_ELBOW,0.2636377811431885,1.0578579902648926,-0.3990810811519623,ARMS RAISE
LEFT_HIP,0.5975010991096497,1.5100892782211304,-0.020639467984437943,ARMS RAISE
RIGHT_HIP,0.3849427402019501,1.5077316761016846,0.02465192601084709,ARMS RAISE
LEFT_SHOULDER,0.6559146642684937,0.7779057621955872,-0.1066906675696373,ARMS RAISE
RIGHT_SHOULDER,0.34606999158859253,0.7620190978050232,-0.18047378957271576,ARMS RAISE
LEFT_ELBOW,0.7250961065292358,1.0389939546585083,-0.16083842515945435,ARMS RAISE
RIGHT_ELBOW,0.2685612738132477,1.0615954399108887,-0.38934966921806335,ARMS RAISE
LEFT_HIP,0.5961073637008667,1.5098127126693726,-0.021583732217550278,ARMS RAISE
RIGHT_HIP,0.3838180899620056,1.5058079957962036,0.025506198406219482,ARMS RAISE
LEFT_SHOULDER,0.6564254760742188,0.7843503952026367,-0.09796654433012009,ARMS RAISE
RIGHT_SHOULDER,0.34813037514686584,0.7612922787666321,-0.17575781047344208,ARMS RAISE
LEFT_ELBOW,0.7232563495635986,1.037651777267456,-0.1654951274394989,ARMS RAISE
RIGHT_ELBOW,0.2724263370037079,1.0658513307571411,-0.3903369903564453,ARMS RAISE
LEFT_HIP,0.5956801176071167,1.5135180950164795,-0.022142481058835983,ARMS RAISE
RIGHT_HIP,0.38261938095092773,1.5067706108093262,0.026021257042884827,ARMS RAISE
LEFT_SHOULDER,0.6571648120880127,0.7838036417961121,-0.11010859161615372,ARMS RAISE
RIGHT_SHOULDER,0.34886375069618225,0.7619813680648804,-0.20903539657592773,ARMS RAISE
LEFT_ELBOW,0.7242729663848877,1.037006139755249,-0.13408449292182922,ARMS RAISE
RIGHT_ELBOW,0.2706424295902252,1.064303994178772,-0.41646575927734375,ARMS RAISE
LEFT_HIP,0.5969265699386597,1.5169174671173096,-0.021952033042907715,ARMS RAISE
RIGHT_HIP,0.38504528999328613,1.509683609008789,0.025737807154655457,ARMS RAISE
